{"loss": [1.6487103700637817, 1.1686336994171143], "accuracy": [0.4510999917984009, 0.5965800285339355], "val_loss": [1.2232693433761597, 0.9685242176055908], "val_accuracy": [0.569599986076355, 0.6680999994277954]}