{"loss": [1.635054588317871, 1.167392611503601, 0.9835551381111145, 0.8706361055374146, 0.7926884889602661, 0.7318089604377747, 0.6810842752456665, 0.6345666646957397, 0.5990549325942993, 0.5578085780143738, 0.53220134973526, 0.5061764717102051, 0.4722631573677063, 0.4471427798271179, 0.419700026512146, 0.4033072292804718, 0.3903391361236572, 0.36787301301956177, 0.35343363881111145, 0.33152368664741516, 0.33017879724502563, 0.30651190876960754, 0.29647186398506165, 0.28766587376594543, 0.272098183631897, 0.2599938213825226, 0.25678664445877075, 0.24398578703403473, 0.23871561884880066, 0.22968436777591705, 0.2255423367023468, 0.21558302640914917, 0.2121610790491104, 0.20311835408210754, 0.19804570078849792, 0.197160542011261, 0.19047722220420837, 0.18101686239242554, 0.17626410722732544, 0.1766645908355713], "accuracy": [0.45614001154899597, 0.5940399765968323, 0.6582599878311157, 0.6974200010299683, 0.7253400087356567, 0.7463399767875671, 0.7584800124168396, 0.7774400115013123, 0.7893800139427185, 0.8022000193595886, 0.8133400082588196, 0.8209800124168396, 0.8335599899291992, 0.8411800265312195, 0.8512600064277649, 0.8559799790382385, 0.8613799810409546, 0.8691999912261963, 0.8739200234413147, 0.8812400102615356, 0.8828399777412415, 0.8903800249099731, 0.8931000232696533, 0.8967199921607971, 0.9013800024986267, 0.9064000248908997, 0.90829998254776, 0.912880003452301, 0.9155200123786926, 0.9184200167655945, 0.9185400009155273, 0.9217000007629395, 0.9225599765777588, 0.9267600178718567, 0.9297199845314026, 0.9296799898147583, 0.9315000176429749, 0.9353200197219849, 0.9371600151062012, 0.9368799924850464], "val_loss": [1.2143809795379639, 0.9463245272636414, 0.9372298121452332, 0.7412086725234985, 0.7331557869911194, 0.7561339139938354, 0.716437578201294, 0.6626120805740356, 0.6627611517906189, 0.6528151631355286, 0.6378658413887024, 0.6126887798309326, 0.6472885012626648, 0.6817593574523926, 0.5791724324226379, 0.5777578353881836, 0.6013555526733398, 0.5651184916496277, 0.5810378193855286, 0.5767961144447327, 0.5820475220680237, 0.5752699375152588, 0.6279329657554626, 0.5673837661743164, 0.6068662405014038, 0.598106861114502, 0.6045579314231873, 0.6011554002761841, 0.6068666577339172, 0.6168512105941772, 0.605330765247345, 0.6100156903266907, 0.5973406434059143, 0.6392466425895691, 0.6171696186065674, 0.6873228549957275, 0.6266409158706665, 0.6174837350845337, 0.6232794523239136, 0.626791775226593], "val_accuracy": [0.5740000009536743, 0.6682999730110168, 0.6747000217437744, 0.7444000244140625, 0.7465000152587891, 0.7361999750137329, 0.7516999840736389, 0.7728000283241272, 0.7709000110626221, 0.7781000137329102, 0.7797999978065491, 0.7955999970436096, 0.7851999998092651, 0.7789999842643738, 0.8090999722480774, 0.8101000189781189, 0.8044999837875366, 0.8141999840736389, 0.8105000257492065, 0.8208000063896179, 0.8144000172615051, 0.8194000124931335, 0.8090000152587891, 0.8234000205993652, 0.8141000270843506, 0.8162000179290771, 0.8144999742507935, 0.8184999823570251, 0.819599986076355, 0.8119000196456909, 0.8205999732017517, 0.8223000168800354, 0.8238999843597412, 0.8230000138282776, 0.8241000175476074, 0.8177000284194946, 0.821399986743927, 0.826200008392334, 0.8224999904632568, 0.8240000009536743]}