{"loss": [1.719118595123291, 1.2397260665893555, 1.0215606689453125, 0.8978212475776672, 0.824012041091919, 0.7524330615997314, 0.7000352144241333, 0.6555744409561157, 0.6135743260383606, 0.579237163066864, 0.5365417003631592, 0.5134248733520508, 0.48279547691345215, 0.4579172134399414, 0.43590885400772095, 0.410614013671875, 0.3978739380836487, 0.3778865337371826, 0.35028359293937683, 0.33751142024993896, 0.332248717546463, 0.3121233880519867, 0.30066198110580444, 0.2893083989620209, 0.27500542998313904, 0.265014111995697, 0.2594795823097229, 0.24364915490150452, 0.23696869611740112, 0.22819553315639496, 0.22432762384414673, 0.21883685886859894, 0.2165772020816803, 0.20774447917938232, 0.2006475329399109, 0.19557206332683563, 0.1881789118051529, 0.19286805391311646, 0.18481716513633728, 0.18049810826778412], "accuracy": [0.4276599884033203, 0.5749199986457825, 0.6467599868774414, 0.6869199872016907, 0.7113999724388123, 0.7394999861717224, 0.7563199996948242, 0.7702599763870239, 0.7832199931144714, 0.7963600158691406, 0.8122000098228455, 0.818120002746582, 0.829479992389679, 0.8398000001907349, 0.8454999923706055, 0.8546599745750427, 0.8581799864768982, 0.8652200102806091, 0.8739799857139587, 0.8806599974632263, 0.8804600238800049, 0.8885400295257568, 0.892300009727478, 0.8959800004959106, 0.9027000069618225, 0.9056000113487244, 0.9069399833679199, 0.9128999710083008, 0.9162600040435791, 0.9192399978637695, 0.9203199744224548, 0.9210000038146973, 0.9230599999427795, 0.9266600012779236, 0.9291800260543823, 0.9296799898147583, 0.9318000078201294, 0.9305599927902222, 0.9350600242614746, 0.9366999864578247], "val_loss": [1.2164427042007446, 1.3365432024002075, 1.0384159088134766, 1.0009626150131226, 0.7596010565757751, 0.6771237850189209, 0.6967647075653076, 0.6280762553215027, 0.6303344368934631, 0.6769388914108276, 0.6072993874549866, 0.6700804233551025, 0.6003921627998352, 0.6841325163841248, 0.7164504528045654, 0.6973204016685486, 0.5778208374977112, 0.6875105500221252, 0.6113733053207397, 0.6231846809387207, 0.5994935631752014, 0.6018722653388977, 0.605965793132782, 0.6436582803726196, 0.5981603264808655, 0.6133075952529907, 0.5841494202613831, 0.6679918766021729, 0.6079789996147156, 0.6540868878364563, 0.6419636011123657, 0.5953431725502014, 0.6125281453132629, 0.6004396677017212, 0.6078341603279114, 0.6105483770370483, 0.6314648985862732, 0.6382641792297363, 0.6168423891067505, 0.6376826763153076], "val_accuracy": [0.567799985408783, 0.5566999912261963, 0.6419000029563904, 0.6640999913215637, 0.7346000075340271, 0.7605999708175659, 0.763700008392334, 0.782800018787384, 0.7843000292778015, 0.7705000042915344, 0.7925999760627747, 0.779699981212616, 0.7950000166893005, 0.7807000279426575, 0.7789000272750854, 0.7685999870300293, 0.8079000115394592, 0.7882999777793884, 0.8003000020980835, 0.8050000071525574, 0.8079000115394592, 0.8105000257492065, 0.8127999901771545, 0.8062999844551086, 0.8190000057220459, 0.8148999810218811, 0.8206999897956848, 0.8062000274658203, 0.8174999952316284, 0.8170999884605408, 0.8172000050544739, 0.8256000280380249, 0.8167999982833862, 0.8234000205993652, 0.8227999806404114, 0.8220999836921692, 0.8258000016212463, 0.8238999843597412, 0.8258000016212463, 0.8242999911308289]}