{"loss": [1.7211834192276, 1.3343709707260132, 1.1766109466552734, 1.0698844194412231, 0.996461808681488, 0.929489254951477, 0.8712483048439026, 0.8325250148773193, 0.789365291595459, 0.7579866051673889, 0.7227181196212769, 0.6908007264137268, 0.669410765171051, 0.6448791027069092, 0.6192848682403564, 0.6020569801330566, 0.5801070332527161, 0.5679352879524231, 0.5527570247650146, 0.5365714430809021, 0.5192388892173767, 0.5087996125221252, 0.49850785732269287, 0.4820864498615265, 0.4724240005016327, 0.45914116501808167, 0.45115888118743896, 0.44008615612983704, 0.43317312002182007, 0.4272496998310089, 0.4172276556491852, 0.4061987102031708, 0.40136703848838806, 0.394118994474411, 0.38256338238716125, 0.37805041670799255, 0.36891984939575195, 0.3626617193222046, 0.35605406761169434, 0.35038596391677856, 0.3443008363246918, 0.34013646841049194, 0.33105695247650146, 0.3280366361141205, 0.3221045732498169, 0.31554552912712097, 0.311387300491333, 0.30674055218696594, 0.3000766634941101, 0.29896262288093567, 0.2919835150241852, 0.28988438844680786, 0.28612595796585083, 0.28106650710105896, 0.27884989976882935, 0.27203649282455444, 0.26784631609916687, 0.26360177993774414, 0.2611801028251648, 0.25578245520591736, 0.2574550211429596], "accuracy": [0.3645866811275482, 0.5147388577461243, 0.5777995586395264, 0.620113730430603, 0.6483098268508911, 0.672961413860321, 0.6965715885162354, 0.7087672352790833, 0.7254485487937927, 0.7378644943237305, 0.7479974627494812, 0.7610741853713989, 0.7696651816368103, 0.7779357433319092, 0.7866669297218323, 0.7939963340759277, 0.801385760307312, 0.8064522743225098, 0.8125801086425781, 0.814102053642273, 0.821671724319458, 0.8244152665138245, 0.8304429650306702, 0.834428071975708, 0.8394544720649719, 0.8444008231163025, 0.8474246859550476, 0.85142982006073, 0.8524511456489563, 0.8539530634880066, 0.8581584692001343, 0.8616629242897034, 0.8625040054321289, 0.8664490580558777, 0.8682113289833069, 0.8716557025909424, 0.8744392991065979, 0.8754605650901794, 0.8793855905532837, 0.8789250254631042, 0.8832305073738098, 0.8839314579963684, 0.8859940767288208, 0.8870554566383362, 0.8912407755851746, 0.8915812373161316, 0.8938841819763184, 0.8976089358329773, 0.8979093432426453, 0.8997116088867188, 0.8995514512062073, 0.902334988117218, 0.901854395866394, 0.9060797691345215, 0.9058594703674316, 0.9086630940437317, 0.9084227681159973, 0.910645604133606, 0.9107257127761841, 0.9136294722557068, 0.9137696027755737], "val_loss": [1.6231505870819092, 1.4167336225509644, 1.089450478553772, 0.9803073406219482, 1.0274510383605957, 0.9075113534927368, 1.0022931098937988, 0.8365395665168762, 0.8762149214744568, 0.8969827890396118, 0.7398935556411743, 0.8333714008331299, 0.6981747150421143, 0.7788895964622498, 0.6312091946601868, 0.6913691759109497, 0.6928515434265137, 0.6076619625091553, 0.6376705765724182, 0.6313856244087219, 0.6542245149612427, 0.629126787185669, 0.6241727471351624, 0.6020665168762207, 0.6784793734550476, 0.5982713103294373, 0.5326407551765442, 0.5722200274467468, 0.5876430869102478, 0.5009538531303406, 0.550666093826294, 0.564800500869751, 0.4887983798980713, 0.49032026529312134, 0.49686187505722046, 0.5941649675369263, 0.5196208357810974, 0.4953465759754181, 0.5306249856948853, 0.5215556621551514, 0.4630330502986908, 0.5003833174705505, 0.45897212624549866, 0.47995829582214355, 0.48414185643196106, 0.48071470856666565, 0.5763877630233765, 0.47309207916259766, 0.4435847997665405, 0.42778706550598145, 0.47868236899375916, 0.44048523902893066, 0.4246107339859009, 0.4405452609062195, 0.4446987807750702, 0.41936010122299194, 0.44746851921081543, 0.4526827037334442, 0.4113401472568512, 0.44384774565696716, 0.4120718836784363], "val_accuracy": [0.44530001282691956, 0.5085999965667725, 0.6082000136375427, 0.6496000289916992, 0.6499000191688538, 0.6862000226974487, 0.6622999906539917, 0.7085000276565552, 0.7045999765396118, 0.6919000148773193, 0.7450000047683716, 0.7152000069618225, 0.7538999915122986, 0.7325999736785889, 0.7839999794960022, 0.7670000195503235, 0.7687000036239624, 0.7940999865531921, 0.7860000133514404, 0.7912999987602234, 0.7839000225067139, 0.7968000173568726, 0.7900999784469604, 0.796999990940094, 0.7731000185012817, 0.7968999743461609, 0.8170999884605408, 0.8048999905586243, 0.8054999709129333, 0.8328999876976013, 0.8187000155448914, 0.8118000030517578, 0.8377000093460083, 0.838699996471405, 0.8309000134468079, 0.8086000084877014, 0.8266000151634216, 0.833899974822998, 0.8245999813079834, 0.8300999999046326, 0.8481000065803528, 0.8320000171661377, 0.8515999913215637, 0.8436999917030334, 0.8424000144004822, 0.8440999984741211, 0.8174999952316284, 0.8432000279426575, 0.8518999814987183, 0.8585000038146973, 0.8442999720573425, 0.8532000184059143, 0.8590999841690063, 0.8529999852180481, 0.8536999821662903, 0.8600999712944031, 0.8511000275611877, 0.8521000146865845, 0.8648999929428101, 0.8569999933242798, 0.8654000163078308]}