{"loss": [1.7211834192276, 1.3343709707260132, 1.1766109466552734, 1.0698844194412231, 0.996461808681488, 0.929489254951477, 0.8712483048439026, 0.8325250148773193], "accuracy": [0.3645866811275482, 0.5147388577461243, 0.5777995586395264, 0.620113730430603, 0.6483098268508911, 0.672961413860321, 0.6965715885162354, 0.7087672352790833], "val_loss": [1.6231505870819092, 1.4167336225509644, 1.089450478553772, 0.9803073406219482, 1.0274510383605957, 0.9075113534927368, 1.0022931098937988, 0.8365395665168762], "val_accuracy": [0.44530001282691956, 0.5085999965667725, 0.6082000136375427, 0.6496000289916992, 0.6499000191688538, 0.6862000226974487, 0.6622999906539917, 0.7085000276565552]}